﻿<?xml version="1.0" encoding="utf-8"?>

<CustomShader version="5">
    <Parameters>
        <Parameter name = "iconColor" target = "iconColor" type = "float3" defaultValue = "0.0 0.0 0.0 1.0"   minValue = "0.0 0.0 0.0 0.0"          maxValue = "1.0 1.0 1.0 1.0"/>
    </Parameters>
    <UvUsages/>
    <LodLevel startDistance="0">
        <CodeInjections>
            <CodeInjection position="OBJECT_PARAMETERS">
<![CDATA[
float3 iconColor;
]]>
            </CodeInjection>
            <CodeInjection position="POST_DIFFUSE_COLOR_FS">
<![CDATA[
diffuseColor = object.iconColor;
]]>
	        </CodeInjection>
        </CodeInjections>
    </LodLevel>
</CustomShader>
