﻿<?xml version="1.0" encoding="utf-8"?>

<CustomShader version="5">
    <Parameters>
        <Parameter name = "windSnowLeafScale" target = "windSnowLeafScale" type = "float3" defaultValue = "1.0 1.0 1.0" minValue = "0.0 0.0 0.0"  maxValue = "1.0 1.0 1.0"/>
    </Parameters>
    <UvUsages/>
    <LodLevel startDistance="0">
        <CodeInjections>
            <CodeInjection position="OBJECT_PARAMETERS">
<![CDATA[
/*
 wind: r, snow: g, leaf: b
*/
float3 windSnowLeafScale;
]]>
            </CodeInjection>
            <CodeInjection position="LIB_FUNCTION_VS">
<![CDATA[
float3 getTrunkAnimationOffset(VS_INPUT In, ObjectParameters& object, float mTime, float3 windDirection,float windStrength){
    float3 treePos = float3(object.modelMatrix[0][3] + invViewMatrix[0][3],
                            object.modelMatrix[1][3] + invViewMatrix[1][3],
                            object.modelMatrix[2][3] + invViewMatrix[2][3]);
    float3 windSideDirection = cross(float3(0,1,0), windDirection);
    float treeVarSeed = treePos.x + treePos.y + treePos.z;

    float3 trunkMoveDirection = windDirection;
    trunkMoveDirection = normalize(trunkMoveDirection + windSideDirection*sin(0.9 * mTime + treeVarSeed + 0.1)*0.3);

    float normalizedTreeY = In.position.y/30;
    float trunkOffsetScale = (1*max(windStrength-0.1,0)/0.9 + sin( 1.5 * mTime + treeVarSeed)*0.7*windStrength)*normalizedTreeY*normalizedTreeY;
    float3 trunkOffset = trunkMoveDirection.xyz * trunkOffsetScale;
    return trunkOffset;
}
]]>
            </CodeInjection>
            <CodeInjection position="POST_GET_WORLD_POSE_VS">
<![CDATA[
    float3 windDirection;
    windDirection.xz = normalize(float2(cShared1, cShared2));
    windDirection.y = 0;
    float windStrength = cShared0*object.windSnowLeafScale.x;
#if !defined(DEPTH_VIS) // avoid shadow artefacts by not animating in the shadow map
    if (windStrength > 0.0001) {
        // current pos
        worldPosition += getTrunkAnimationOffset(In,object,cTime_s,windDirection,windStrength);
        // previous pos
        prevWorldPosition += getTrunkAnimationOffset(In,object,cPrevTime_s,windDirection,windStrength);
    }
#endif
]]>
            </CodeInjection>
            <CodeInjection position = "LIB_FUNCTION_FS">
<![CDATA[
// Season states:
// cShared3 = 0 = summer
// cShared3 = 1 = autumn
// cShared3 = 2 = winter
// cShared3 = 3 = spring
// cShared3 = 4 = summer
// cShared4 = 0 .. 1 = snow control
float getSnowMask(ObjectParameters& object, float3 mNormal, float mBackfaceScale){
    float snowLevel = min(cShared4,1);
    float mTransition = snowLevel*snowLevel*snowLevel; // pow(cShared4,3);
    float NdotY = mNormal.y; // dot(mNormal, float3(0.0, 1.0, 0.0));
    NdotY = max(NdotY * mBackfaceScale, NdotY * (1.0-mBackfaceScale)) + mBackfaceScale;
    float mSnowMask = object.windSnowLeafScale.y*mTransition*saturate(NdotY);
    return mSnowMask;
}
]]>
            </CodeInjection>
            <CodeInjection position = "FS_GLOBALS">
<![CDATA[
    float  gSnowMask;
    int    gIsSnowing;
    float3 gSnowDiffuse;
    float3 gSnowSpecular;
]]>
            </CodeInjection>
            <CodeInjection position = "START_FS">
<![CDATA[
    globals.gSnowDiffuse  = float3(0.7300,0.7668,0.8356);
    globals.gSnowSpecular = float3(0.1922,0.8706,0.0000);
    globals.gSnowMask  = 0.0;
    globals.gIsSnowing = cShared4 > 0.0 && object.windSnowLeafScale.z > 0.0;
]]>
            </CodeInjection>
            <CodeInjection position = "POST_DIFFUSE_COLOR_FS">
<![CDATA[
    { // Snow mixing code
        if (globals.gIsSnowing){
            // pixelShader normal computed before this point, right after PARALLAX_MAPPING_FS
            globals.gSnowMask = getSnowMask(object,normal,-0.05);
            diffuseColor.rgb = lerp( diffuseColor.rgb, globals.gSnowDiffuse.rgb, globals.gSnowMask );
        }
    }
]]>
            </CodeInjection>
            <CodeInjection position = "POST_GLOSS_COLOR_FS">
<![CDATA[
    { // Snow mixing code
        if (globals.gIsSnowing){
            float3 mPbrMapValues = lerp( float3(1-roughness,bakedAO,metalness), globals.gSnowSpecular, globals.gSnowMask );
            roughness = 1-mPbrMapValues.x;
            bakedAO   = mPbrMapValues.y;
            metalness = mPbrMapValues.z;
        }
    }
]]>
            </CodeInjection>
        </CodeInjections>
    </LodLevel>
</CustomShader>
